Workbook

Sheet Test Cases
A1: Test ID | B1: Feature | C1: Preconditions | D1: Steps | E1: Input | F1: Expected | G1: Actual | H1: Status | I1: Defect ID | J1: Evidence Link | K1: Test Type | L1: Automated Test (file::class::test)
A2: TC-AUTH-01 | B2: Auth - Registration | C2: User 'khalid' does not exist | D2: POST /api/v1/auth/register/ | E2: username=khalid, password=Str0ng!pass9 | F2: 201; username returned; user saved with role MEMBER; password stored hashed and verifiable | G2: Matched expected result; pytest reported PASSED. | H2: Pass | J2: https://drive.google.com/file/d/1Z_njejf7LePGmBSeIpiYEF_N8vBbfnCU/view?usp=sharing | K2: Positive | L2: test_auth.py::TestRegister::test_positive_creates_user_with_member_role
A3: TC-AUTH-02 | B3: Auth - Registration | C3: None | D3: POST /api/v1/auth/register/ | E3: username=khalid, password=short | F3: 400 with 'password' validation error | G3: Matched expected result; pytest reported PASSED. | H3: Pass | J3: https://drive.google.com/file/d/1Z_njejf7LePGmBSeIpiYEF_N8vBbfnCU/view?usp=sharing | K3: Boundary | L3: test_auth.py::TestRegister::test_negative_short_password
A4: TC-AUTH-03 | B4: Auth - Registration | C4: User 'Khalid' already exists | D4: POST /api/v1/auth/register/ | E4: username=khalid, password=Str0ng!pass9 | F4: 400 with 'username' error (case-insensitive uniqueness) | G4: Matched expected result; pytest reported PASSED. | H4: Pass | J4: https://drive.google.com/file/d/1Z_njejf7LePGmBSeIpiYEF_N8vBbfnCU/view?usp=sharing | K4: Duplicate/Retry | L4: test_auth.py::TestRegister::test_negative_duplicate_username_case_insensitive
A5: TC-AUTH-04 | B5: Auth - Registration | C5: None | D5: POST /api/v1/auth/register/ | E5: Empty body {} | F5: 400 with errors for both 'username' and 'password' | G5: Matched expected result; pytest reported PASSED. | H5: Pass | J5: https://drive.google.com/file/d/1Z_njejf7LePGmBSeIpiYEF_N8vBbfnCU/view?usp=sharing | K5: Negative | L5: test_auth.py::TestRegister::test_negative_missing_fields
A6: TC-AUTH-05 | B6: Auth - Registration | C6: None | D6: POST /api/v1/auth/register/ | E6: username='kha lid!', valid password | F6: 400 (spaces/special chars rejected) | G6: Matched expected result; pytest reported PASSED. | H6: Pass | J6: https://drive.google.com/file/d/1Z_njejf7LePGmBSeIpiYEF_N8vBbfnCU/view?usp=sharing | K6: Negative | L6: test_auth.py::TestRegister::test_negative_invalid_username_characters
A7: TC-AUTH-06 | B7: Auth - Login | C7: User 'khalid' exists | D7: POST /api/v1/auth/login/ | E7: Valid username and password | F7: 200; response contains 'access' and 'refresh' tokens | G7: Matched expected result; pytest reported PASSED. | H7: Pass | J7: https://drive.google.com/file/d/1Z_njejf7LePGmBSeIpiYEF_N8vBbfnCU/view?usp=sharing | K7: Positive | L7: test_auth.py::TestLogin::test_positive_returns_access_and_refresh
A8: TC-AUTH-07 | B8: Auth - Login | C8: User 'khalid' exists | D8: POST /api/v1/auth/login/ | E8: username=khalid, password=wrong | F8: 401 | G8: Matched expected result; pytest reported PASSED. | H8: Pass | J8: https://drive.google.com/file/d/1Z_njejf7LePGmBSeIpiYEF_N8vBbfnCU/view?usp=sharing | K8: Negative | L8: test_auth.py::TestLogin::test_negative_wrong_password
A9: TC-AUTH-08 | B9: Auth - Login | C9: No such user | D9: POST /api/v1/auth/login/ | E9: username=nobody, password=x | F9: 401 | G9: Matched expected result; pytest reported PASSED. | H9: Pass | J9: https://drive.google.com/file/d/1Z_njejf7LePGmBSeIpiYEF_N8vBbfnCU/view?usp=sharing | K9: Negative | L9: test_auth.py::TestLogin::test_negative_nonexistent_user
A10: TC-AUTH-09 | B10: Auth - Current user | C10: None | D10: GET /api/v1/auth/me/ with no credentials | E10: No token | F10: 401 | G10: Matched expected result; pytest reported PASSED. | H10: Pass | J10: https://drive.google.com/file/d/1Z_njejf7LePGmBSeIpiYEF_N8vBbfnCU/view?usp=sharing | K10: Authorization | L10: test_auth.py::TestMe::test_requires_auth
A11: TC-AUTH-10 | B11: Auth - Current user | C11: User 'sara' authenticated | D11: GET /api/v1/auth/me/ | E11: Authenticated as sara | F11: 200; username=sara | G11: Matched expected result; pytest reported PASSED. | H11: Pass | J11: https://drive.google.com/file/d/1Z_njejf7LePGmBSeIpiYEF_N8vBbfnCU/view?usp=sharing | K11: Positive | L11: test_auth.py::TestMe::test_returns_current_user
A12: TC-AUTH-11 | B12: Auth - Logout | C12: User logged in; has refresh token | D12: 1) POST /auth/logout/ with refresh token; 2) POST /auth/refresh/ with the same token | E12: Valid refresh token | F12: Logout returns 204; reusing the blacklisted refresh token returns 401 | G12: Matched expected result; pytest reported PASSED. | H12: Pass | J12: https://drive.google.com/file/d/1Z_njejf7LePGmBSeIpiYEF_N8vBbfnCU/view?usp=sharing | K12: Duplicate/Retry | L12: test_auth.py::TestLogout::test_positive_blacklists_refresh
A13: TC-AUTH-12 | B13: Auth - Logout | C13: User authenticated | D13: POST /api/v1/auth/logout/ | E13: Empty body | F13: 400 | G13: Matched expected result; pytest reported PASSED. | H13: Pass | J13: https://drive.google.com/file/d/1Z_njejf7LePGmBSeIpiYEF_N8vBbfnCU/view?usp=sharing | K13: Negative | L13: test_auth.py::TestLogout::test_negative_missing_refresh
... A76: TC-USE-03 | B76: Usage limits | C76: A and B in same workspace; A makes a request | D76: GET /api/v1/usage/ as B | E76: Authenticated as B | F76: used_tokens=0 (usage tracked per user) | G76: Matched expected result; pytest reported PASSED. | H76: Pass | J76: https://drive.google.com/file/d/1Z_njejf7LePGmBSeIpiYEF_N8vBbfnCU/view?usp=sharing | K76: Authorization | L76: test_usage.py::TestUsagePerUser::test_user_a_usage_does_not_affect_user_b

Sheet Summary
A1: Test Execution Summary - Project 1: AI SaaS Workspace
A3: Overall results
A4: Total test cases | B4: =COUNTA('Test Cases'!A2:A76) -> 75
A5: Pass | B5: =COUNTIF('Test Cases'!H2:H76,"Pass") -> 74
A6: Fail | B6: =COUNTIF('Test Cases'!H2:H76,"Fail") -> 0
A7: Skipped | B7: =COUNTIF('Test Cases'!H2:H76,"Skipped") -> 1
A8: Not Run | B8: =COUNTIF('Test Cases'!H2:H76,"Not Run") -> 0
A9: Pass rate (of executed) | B9: =IF((B5+B6)=0,0,B5/(B5+B6)) -> 1
A11: By test type
A12: Type | B12: Total | C12: Pass | D12: Fail
A13: Positive | B13: =COUNTIF('Test Cases'!K2:K76,A13) -> 18 | C13: =COUNTIFS('Test Cases'!K2:K76,A13,'Test Cases'!H2:H76,"Pass") -> 18 | D13: =COUNTIFS('Test Cases'!K2:K76,A13,'Test Cases'!H2:H76,"Fail") -> 0
A14: Negative | B14: =COUNTIF('Test Cases'!K2:K76,A14) -> 21 | C14: =COUNTIFS('Test Cases'!K2:K76,A14,'Test Cases'!H2:H76,"Pass") -> 21 | D14: =COUNTIFS('Test Cases'!K2:K76,A14,'Test Cases'!H2:H76,"Fail") -> 0
A15: Boundary | B15: =COUNTIF('Test Cases'!K2:K76,A15) -> 11 | C15: =COUNTIFS('Test Cases'!K2:K76,A15,'Test Cases'!H2:H76,"Pass") -> 11 | D15: =COUNTIFS('Test Cases'!K2:K76,A15,'Test Cases'!H2:H76,"Fail") -> 0
A16: Authorization | B16: =COUNTIF('Test Cases'!K2:K76,A16) -> 20 | C16: =COUNTIFS('Test Cases'!K2:K76,A16,'Test Cases'!H2:H76,"Pass") -> 20 | D16: =COUNTIFS('Test Cases'!K2:K76,A16,'Test Cases'!H2:H76,"Fail") -> 0
A17: Duplicate/Retry | B17: =COUNTIF('Test Cases'!K2:K76,A17) -> 4 | C17: =COUNTIFS('Test Cases'!K2:K76,A17,'Test Cases'!H2:H76,"Pass") -> 4 | D17: =COUNTIFS('Test Cases'!K2:K76,A17,'Test Cases'!H2:H76,"Fail") -> 0
A18: Regression | B18: =COUNTIF('Test Cases'!K2:K76,A18) -> 1 | C18: =COUNTIFS('Test Cases'!K2:K76,A18,'Test Cases'!H2:H76,"Pass") -> 0 | D18: =COUNTIFS('Test Cases'!K2:K76,A18,'Test Cases'!H2:H76,"Fail") -> 0
A20: Execution proof
A21: Command run | B21: pytest -v --reuse-db
A22: Run date | B22: 2026-10-25
A23: Environment | B23: Windows, Python 3.13.7, pytest 9.1.1, Django 5.2.8, pytest-django 4.12.0
A24: Result line | B24: 74 passed, 1 skipped in 254.00s (0:04:13); 75 collected
A25: Console log / screenshot link | B25: https://drive.google.com/file/d/1Z_njejf7LePGmBSeIpiYEF_N8vBbfnCU/view?usp=sharing
A27: Notes
A29: Expected results are derived from the assertions in the automated tests; Actual/Status come from the pytest run.
A30: External services (embedding, rerank, LLM) are mocked in tests; this suite does not exercise live provider calls.
A31: Test Type column uses: Positive, Negative, Boundary, Authorization, Duplicate/Retry, Regression.
